[
  { "op": "add", "path": "/storageFlags", "value": 513, "file": "game:itemtypes/resource/stick", "side": "server", "dependsOn": [ { "modid": "wildcrafttree", "invert": true } ]},
  { "op": "add", "path": "/storageFlags", "value": 513, "file": "game:itemtypes/resource/feather", "side": "server", "dependsOn": [ { "modid": "wildcrafttree", "invert": true } ]},
  { "op": "add", "path": "/storageFlags", "value": 513, "file": "game:itemtypes/resource/fat", "side": "server", "dependsOn": [ { "modid": "wildcrafttree", "invert": true } ]},
  { "op": "add", "path": "/storageFlags", "value": 513, "file": "game:itemtypes/resource/hide", "side": "server", "dependsOn": [ { "modid": "wildcrafttree", "invert": true } ]},
  { "op": "add", "path": "/storageFlags", "value": 513, "file": "game:itemtypes/resource/bone", "side": "server", "dependsOn": [ { "modid": "wildcrafttree", "invert": true } ]},
  { "op": "add", "path": "/storageFlags", "value": 513, "file": "game:itemtypes/food/redmeat", "side": "server", "dependsOn": [ { "modid": "wildcrafttree", "invert": true } ]},
  { "op": "add", "path": "/storageFlags", "value": 513, "file": "game:itemtypes/food/bushmeat", "side": "server", "dependsOn": [ { "modid": "wildcrafttree", "invert": true } ]},
  { "op": "add", "path": "/storageFlags", "value": 513, "file": "game:itemtypes/food/fish", "side": "server", "dependsOn": [ { "modid": "wildcrafttree", "invert": true } ]},
  { "op": "add", "path": "/storageFlags", "value": 513, "file": "game:itemtypes/food/poultry", "side": "server", "dependsOn": [ { "modid": "wildcrafttree", "invert": true } ]},
  { "op": "add", "path": "/storageFlags", "value": 513, "file": "game:itemtypes/resource/rot", "side": "server", "dependsOn": [ { "modid": "wildcrafttree", "invert": true } ]},
  { "op": "add", "path": "/storageFlags", "value": 513, "file": "game:itemtypes/resource/antler", "side": "server", "dependsOn": [ { "modid": "wildcrafttree", "invert": true } ]},
  { "op": "add", "path": "/storageFlags", "value": 513, "file": "game:itemtypes/resource/hide-species", "side": "server"},
  { "op": "add", "path": "/storageFlags", "value": 513, "file": "game:itemtypes/resource/leather", "side": "server"},
  { "op": "add", "path": "/storageFlags", "value": 513, "file": "game:itemtypes/resource/rope", "side": "server"},
  { "op": "add", "path": "/storageFlags", "value": 513, "file": "game:itemtypes/tool/spear", "side": "server"},
  { "op": "add", "path": "/storageFlags", "value": 513, "file": "game:itemtypes/tool/bow", "side": "server"},
  { "op": "add", "path": "/storageFlags", "value": 513, "file": "game:itemtypes/tool/knife", "side": "server"},
  { "op": "add", "path": "/storageFlags", "value": 513, "file": "game:itemtypes/toolhead/arrowhead", "side": "server"},
  { "op": "add", "path": "/storageFlags", "value": 513, "file": "game:itemtypes/toolhead/bowstave", "side": "server"},
  { "op": "add", "path": "/storageFlags", "value": 513, "file": "game:itemtypes/toolhead/spearhead", "side": "server"},
  { "op": "add", "path": "/storageFlags", "value": 513, "file": "game:itemtypes/resource/bone-tiny", "side": "server"},
  { "op": "add", "path": "/storageFlags", "value": 513, "file": "game:blocktypes/reed/baskettrap", "side": "server"},
  { "op": "add", "path": "/storageFlags", "value": 513, "file": "game:blocktypes/reed/reedchest", "side": "server"},
  { "op": "add", "path": "/storageFlags", "value": 517, "file": "game:itemtypes/resource/metalbit", "side": "server", "dependsOn": [ { "modid":  "smithingplus" } ]}
]
